{"cameraMode":{"drawMode":0,"name":"Shaded","section":"Shading Mode"},"sceneLighting":true,"audioPlay":false,"sceneViewState":{"showFog":true,"showMaterialUpdate":false,"showSkybox":true,"showFlares":true,"showImageEffects":true,"showParticleSystems":true},"in2DMode":false,"pivot":{"x":-61.479148864746097,"y":7.168334484100342,"z":6.092250347137451},"rotation":{"x":-0.00921692792326212,"y":0.9557459354400635,"z":0.030115993693470956,"w":0.2925080955028534},"size":1.017697811126709,"orthographic":false}